<saved-mv-configuration server='MIM' export-date='2020-05-24 15:03:38.478'>
<!--WARNING>
!!!!!!!!!!!!!!!!!!!!!!!!!!!!!!!!!!!!!!!!!!!!!!!!!!!!!!!!!!!!!!!!!!!
!!
!! The contents of this file should not be edited.
!! Any such modifications to this file may result in errors during import.
!!
!!!!!!!!!!!!!!!!!!!!!!!!!!!!!!!!!!!!!!!!!!!!!!!!!!!!!!!!!!!!!!!!!!!
</WARNING-->
<mv-data>
 <format-version>1</format-version>
 <version>260</version>
 <schema>
  <dsml:dsml xmlns:dsml="http://www.dsml.org/DSML" xmlns:ms-dsml="http://www.microsoft.com/MMS/DSML"><dsml:directory-schema><dsml:class id="Location" type="structural"><dsml:name>Location</dsml:name><dsml:attribute ref="#address" required="false" /><dsml:attribute ref="#city" required="false" /><dsml:attribute ref="#createdTime" required="false" /><dsml:attribute ref="#creator" required="false" /><dsml:attribute ref="#csObjectID" required="false" /><dsml:attribute ref="#description" required="false" /><dsml:attribute ref="#detectedRulesList" required="false" /><dsml:attribute ref="#displayName" required="false" /><dsml:attribute ref="#l" required="false" /><dsml:attribute ref="#objectID" required="false" /><dsml:attribute ref="#objectType" required="false" /><dsml:attribute ref="#Path" required="false" /><dsml:attribute ref="#postalCode" required="false" /></dsml:class><dsml:class id="function" type="structural"><dsml:name>function</dsml:name><dsml:attribute ref="#assembly" required="true" /><dsml:attribute ref="#csObjectID" required="true" /><dsml:attribute ref="#description" required="false" /><dsml:attribute ref="#displayName" required="true" /><dsml:attribute ref="#functionName" required="true" /><dsml:attribute ref="#functionParameters" required="true" /><dsml:attribute ref="#namespace" required="true" /><dsml:attribute ref="#objectID" required="true" /><dsml:attribute ref="#objectType" required="true" /><dsml:attribute ref="#returnType" required="true" /></dsml:class><dsml:class id="synchronizationRule" type="structural"><dsml:name>synchronizationRule</dsml:name><dsml:attribute ref="#connectedObjectType" required="true" /><dsml:attribute ref="#connectedSystem" required="true" /><dsml:attribute ref="#connectedSystemScope" required="false" /><dsml:attribute ref="#msidmOutboundScopingFilters" required="false" /><dsml:attribute ref="#createConnectedSystemObject" required="false" /><dsml:attribute ref="#createILMObject" required="false" /><dsml:attribute ref="#csObjectID" required="true" /><dsml:attribute ref="#disconnectConnectedSystemObject" required="true" /><dsml:attribute ref="#dependency" required="false" /><dsml:attribute ref="#description" required="false" /><dsml:attribute ref="#displayName" required="true" /><dsml:attribute ref="#existenceTest" required="false" /><dsml:attribute ref="#flowType" required="true" /><dsml:attribute ref="#initialFlow" required="false" /><dsml:attribute ref="#objectID" required="true" /><dsml:attribute ref="#ilmObjectType" required="true" /><dsml:attribute ref="#persistentFlow" required="false" /><dsml:attribute ref="#precedence" required="false" /><dsml:attribute ref="#relationshipCriteria" required="false" /><dsml:attribute ref="#synchronizationRuleParameters" required="false" /><dsml:attribute ref="#msidmOutboundIsFilterBased" required="false" /></dsml:class><dsml:class id="expectedRuleEntry" type="structural"><dsml:name>expectedRuleEntry</dsml:name><dsml:attribute ref="#createdTime" required="true" /><dsml:attribute ref="#csObjectID" required="true" /><dsml:attribute ref="#displayName" required="true" /><dsml:attribute ref="#objectID" required="true" /><dsml:attribute ref="#expectedRuleEntryAction" required="false" /><dsml:attribute ref="#resourceParent" required="false" /><dsml:attribute ref="#synchronizationRuleData" required="false" /><dsml:attribute ref="#synchronizationRuleID" required="true" /><dsml:attribute ref="#statusError" required="false" /><dsml:attribute ref="#status" required="false" /></dsml:class><dsml:class id="detectedRuleEntry" type="structural"><dsml:name>detectedRuleEntry</dsml:name><dsml:attribute ref="#connector" required="false" /><dsml:attribute ref="#csObjectID" required="true" /><dsml:attribute ref="#displayName" required="true" /><dsml:attribute ref="#objectID" required="true" /><dsml:attribute ref="#objectType" required="true" /><dsml:attribute ref="#resourceParent" required="false" /><dsml:attribute ref="#synchronizationRuleID" required="true" /></dsml:class><dsml:class id="person" type="structural"><dsml:name>person</dsml:name><dsml:attribute ref="#accountName" required="true" /><dsml:attribute ref="#ad_UserCannotChangePassword" required="false" /><dsml:attribute ref="#address" required="false" /><dsml:attribute ref="#assistant" required="false" /><dsml:attribute ref="#authNWFLockedOut" required="false" /><dsml:attribute ref="#authNWFRegistered" required="false" /><dsml:attribute ref="#c" required="false" /><dsml:attribute ref="#city" required="false" /><dsml:attribute ref="#cn" required="false" /><dsml:attribute ref="#co" required="false" /><dsml:attribute ref="#comment" required="false" /><dsml:attribute ref="#company" required="false" /><dsml:attribute ref="#costCenter" required="false" /><dsml:attribute ref="#costCenterName" required="false" /><dsml:attribute ref="#country" required="false" /><dsml:attribute ref="#creator" required="true" /><dsml:attribute ref="#deleteTime" required="true" /><dsml:attribute ref="#department" required="false" /><dsml:attribute ref="#description" required="false" /><dsml:attribute ref="#displayName" required="false" /><dsml:attribute ref="#division" required="false" /><dsml:attribute ref="#domain" required="false" /><dsml:attribute ref="#email" required="false" /><dsml:attribute ref="#employeeEndDate" required="false" /><dsml:attribute ref="#employeeStartDate" required="false" /><dsml:attribute ref="#expirationTime" required="false" /><dsml:attribute ref="#employeeID" required="false" /><dsml:attribute ref="#employeeStatus" required="false" /><dsml:attribute ref="#employeeType" required="false" /><dsml:attribute ref="#facsimileTelephoneNumber" required="false" /><dsml:attribute ref="#firstName" required="false" /><dsml:attribute ref="#freezeCount" required="false" /><dsml:attribute ref="#freezeLevel" required="false" /><dsml:attribute ref="#generationQualifier" required="false" /><dsml:attribute ref="#homePhone" required="false" /><dsml:attribute ref="#info" required="false" /><dsml:attribute ref="#initials" required="false" /><dsml:attribute ref="#jobTitle" required="false" /><dsml:attribute ref="#l" required="false" /><dsml:attribute ref="#lastName" required="false" /><dsml:attribute ref="#lastResetAttemptTime" required="false" /><dsml:attribute ref="#location" required="false" /><dsml:attribute ref="#loginName" required="false" /><dsml:attribute ref="#manager" required="false" /><dsml:attribute ref="#mobilePhone" required="false" /><dsml:attribute ref="#mail" required="false" /><dsml:attribute ref="#mailNickname" required="false" /><dsml:attribute ref="#middleName" required="false" /><dsml:attribute ref="#mobile" required="false" /><dsml:attribute ref="#o" required="false" /><dsml:attribute ref="#objectID" required="true" /><dsml:attribute ref="#objectSid" required="true" /><dsml:attribute ref="#objectType" required="true" /><dsml:attribute ref="#officeFax" required="false" /><dsml:attribute ref="#officeLocation" required="false" /><dsml:attribute ref="#officePhone" required="false" /><dsml:attribute ref="#otherMailbox" required="false" /><dsml:attribute ref="#ou" required="false" /><dsml:attribute ref="#pager" required="false" /><dsml:attribute ref="#Path" required="false" /><dsml:attribute ref="#personalTitle" required="false" /><dsml:attribute ref="#photo" required="false" /><dsml:attribute ref="#physicalDeliveryOfficeName" required="false" /><dsml:attribute ref="#postOfficeBox" required="false" /><dsml:attribute ref="#postalAddress" required="false" /><dsml:attribute ref="#postalCode" required="false" /><dsml:attribute ref="#proxyAddressCollection" required="true" /><dsml:attribute ref="#register" required="false" /><dsml:attribute ref="#registrationRequired" required="false" /><dsml:attribute ref="#resetPassword" required="false" /><dsml:attribute ref="#secretary" required="false" /><dsml:attribute ref="#seeAlso" required="false" /><dsml:attribute ref="#sIDHistory" required="false" /><dsml:attribute ref="#sn" required="false" /><dsml:attribute ref="#st" required="false" /><dsml:attribute ref="#street" required="false" /><dsml:attribute ref="#telephoneNumber" required="false" /><dsml:attribute ref="#title" required="false" /><dsml:attribute ref="#uid" required="false" /><dsml:attribute ref="#userCertificate" required="false" /><dsml:attribute ref="#userSMIMECertificate" required="false" /><dsml:attribute ref="#givenName" required="false" /><dsml:attribute ref="#expectedRulesList" required="false" /><dsml:attribute ref="#detectedRulesList" required="false" /><dsml:attribute ref="#csObjectID" required="true" /></dsml:class><dsml:class id="GalSyncPerson" type="structural"><dsml:name>GalSyncPerson</dsml:name><dsml:attribute ref="#accountName" required="true" /><dsml:attribute ref="#ad_UserCannotChangePassword" required="false" /><dsml:attribute ref="#address" required="false" /><dsml:attribute ref="#assistant" required="false" /><dsml:attribute ref="#authNWFLockedOut" required="false" /><dsml:attribute ref="#authNWFRegistered" required="false" /><dsml:attribute ref="#c" required="false" /><dsml:attribute ref="#city" required="false" /><dsml:attribute ref="#cn" required="false" /><dsml:attribute ref="#co" required="false" /><dsml:attribute ref="#comment" required="false" /><dsml:attribute ref="#company" required="false" /><dsml:attribute ref="#costCenter" required="false" /><dsml:attribute ref="#costCenterName" required="false" /><dsml:attribute ref="#country" required="false" /><dsml:attribute ref="#creator" required="true" /><dsml:attribute ref="#deleteTime" required="true" /><dsml:attribute ref="#department" required="false" /><dsml:attribute ref="#description" required="false" /><dsml:attribute ref="#displayName" required="false" /><dsml:attribute ref="#division" required="false" /><dsml:attribute ref="#domain" required="false" /><dsml:attribute ref="#email" required="false" /><dsml:attribute ref="#employeeEndDate" required="false" /><dsml:attribute ref="#employeeStartDate" required="false" /><dsml:attribute ref="#expirationTime" required="false" /><dsml:attribute ref="#employeeID" required="false" /><dsml:attribute ref="#employeeStatus" required="false" /><dsml:attribute ref="#employeeType" required="false" /><dsml:attribute ref="#facsimileTelephoneNumber" required="false" /><dsml:attribute ref="#firstName" required="false" /><dsml:attribute ref="#freezeCount" required="false" /><dsml:attribute ref="#freezeLevel" required="false" /><dsml:attribute ref="#generationQualifier" required="false" /><dsml:attribute ref="#homePhone" required="false" /><dsml:attribute ref="#info" required="false" /><dsml:attribute ref="#initials" required="false" /><dsml:attribute ref="#jobTitle" required="false" /><dsml:attribute ref="#l" required="false" /><dsml:attribute ref="#lastName" required="false" /><dsml:attribute ref="#lastResetAttemptTime" required="false" /><dsml:attribute ref="#location" required="false" /><dsml:attribute ref="#loginName" required="false" /><dsml:attribute ref="#manager" required="false" /><dsml:attribute ref="#mobilePhone" required="false" /><dsml:attribute ref="#mail" required="false" /><dsml:attribute ref="#mailNickname" required="false" /><dsml:attribute ref="#middleName" required="false" /><dsml:attribute ref="#mobile" required="false" /><dsml:attribute ref="#o" required="false" /><dsml:attribute ref="#objectID" required="true" /><dsml:attribute ref="#objectSid" required="true" /><dsml:attribute ref="#objectType" required="true" /><dsml:attribute ref="#officeFax" required="false" /><dsml:attribute ref="#officeLocation" required="false" /><dsml:attribute ref="#officePhone" required="false" /><dsml:attribute ref="#otherMailbox" required="false" /><dsml:attribute ref="#ou" required="false" /><dsml:attribute ref="#pager" required="false" /><dsml:attribute ref="#Path" required="false" /><dsml:attribute ref="#personalTitle" required="false" /><dsml:attribute ref="#photo" required="false" /><dsml:attribute ref="#physicalDeliveryOfficeName" required="false" /><dsml:attribute ref="#postOfficeBox" required="false" /><dsml:attribute ref="#postalAddress" required="false" /><dsml:attribute ref="#postalCode" required="false" /><dsml:attribute ref="#proxyAddressCollection" required="true" /><dsml:attribute ref="#register" required="false" /><dsml:attribute ref="#registrationRequired" required="false" /><dsml:attribute ref="#resetPassword" required="false" /><dsml:attribute ref="#secretary" required="false" /><dsml:attribute ref="#seeAlso" required="false" /><dsml:attribute ref="#sIDHistory" required="false" /><dsml:attribute ref="#sn" required="false" /><dsml:attribute ref="#st" required="false" /><dsml:attribute ref="#street" required="false" /><dsml:attribute ref="#telephoneNumber" required="false" /><dsml:attribute ref="#title" required="false" /><dsml:attribute ref="#uid" required="false" /><dsml:attribute ref="#userCertificate" required="false" /><dsml:attribute ref="#userSMIMECertificate" required="false" /><dsml:attribute ref="#givenName" required="false" /><dsml:attribute ref="#expectedRulesList" required="false" /><dsml:attribute ref="#detectedRulesList" required="false" /><dsml:attribute ref="#csObjectID" required="true" /></dsml:class><dsml:class id="extContact" type="structural"><dsml:name>extContact</dsml:name><dsml:attribute ref="#accountName" required="true" /><dsml:attribute ref="#ad_UserCannotChangePassword" required="false" /><dsml:attribute ref="#address" required="false" /><dsml:attribute ref="#assistant" required="false" /><dsml:attribute ref="#authNWFLockedOut" required="false" /><dsml:attribute ref="#authNWFRegistered" required="false" /><dsml:attribute ref="#c" required="false" /><dsml:attribute ref="#city" required="false" /><dsml:attribute ref="#cn" required="false" /><dsml:attribute ref="#co" required="false" /><dsml:attribute ref="#comment" required="false" /><dsml:attribute ref="#company" required="false" /><dsml:attribute ref="#costCenter" required="false" /><dsml:attribute ref="#costCenterName" required="false" /><dsml:attribute ref="#country" required="false" /><dsml:attribute ref="#creator" required="true" /><dsml:attribute ref="#deleteTime" required="true" /><dsml:attribute ref="#department" required="false" /><dsml:attribute ref="#description" required="false" /><dsml:attribute ref="#displayName" required="false" /><dsml:attribute ref="#division" required="false" /><dsml:attribute ref="#domain" required="false" /><dsml:attribute ref="#email" required="false" /><dsml:attribute ref="#employeeEndDate" required="false" /><dsml:attribute ref="#employeeStartDate" required="false" /><dsml:attribute ref="#expirationTime" required="false" /><dsml:attribute ref="#employeeID" required="false" /><dsml:attribute ref="#employeeStatus" required="false" /><dsml:attribute ref="#employeeType" required="false" /><dsml:attribute ref="#facsimileTelephoneNumber" required="false" /><dsml:attribute ref="#firstName" required="false" /><dsml:attribute ref="#freezeCount" required="false" /><dsml:attribute ref="#freezeLevel" required="false" /><dsml:attribute ref="#generationQualifier" required="false" /><dsml:attribute ref="#homePhone" required="false" /><dsml:attribute ref="#info" required="false" /><dsml:attribute ref="#initials" required="false" /><dsml:attribute ref="#jobTitle" required="false" /><dsml:attribute ref="#l" required="false" /><dsml:attribute ref="#lastName" required="false" /><dsml:attribute ref="#lastResetAttemptTime" required="false" /><dsml:attribute ref="#location" required="false" /><dsml:attribute ref="#loginName" required="false" /><dsml:attribute ref="#manager" required="false" /><dsml:attribute ref="#mobilePhone" required="false" /><dsml:attribute ref="#mail" required="false" /><dsml:attribute ref="#mailNickname" required="false" /><dsml:attribute ref="#middleName" required="false" /><dsml:attribute ref="#mobile" required="false" /><dsml:attribute ref="#o" required="false" /><dsml:attribute ref="#objectID" required="true" /><dsml:attribute ref="#objectSid" required="true" /><dsml:attribute ref="#objectType" required="true" /><dsml:attribute ref="#officeFax" required="false" /><dsml:attribute ref="#officeLocation" required="false" /><dsml:attribute ref="#officePhone" required="false" /><dsml:attribute ref="#otherMailbox" required="false" /><dsml:attribute ref="#ou" required="false" /><dsml:attribute ref="#pager" required="false" /><dsml:attribute ref="#personalTitle" required="false" /><dsml:attribute ref="#photo" required="false" /><dsml:attribute ref="#physicalDeliveryOfficeName" required="false" /><dsml:attribute ref="#postOfficeBox" required="false" /><dsml:attribute ref="#postalAddress" required="false" /><dsml:attribute ref="#postalCode" required="false" /><dsml:attribute ref="#proxyAddressCollection" required="true" /><dsml:attribute ref="#register" required="false" /><dsml:attribute ref="#registrationRequired" required="false" /><dsml:attribute ref="#resetPassword" required="false" /><dsml:attribute ref="#secretary" required="false" /><dsml:attribute ref="#seeAlso" required="false" /><dsml:attribute ref="#sIDHistory" required="false" /><dsml:attribute ref="#sn" required="false" /><dsml:attribute ref="#st" required="false" /><dsml:attribute ref="#street" required="false" /><dsml:attribute ref="#telephoneNumber" required="false" /><dsml:attribute ref="#title" required="false" /><dsml:attribute ref="#uid" required="false" /><dsml:attribute ref="#userCertificate" required="false" /><dsml:attribute ref="#userSMIMECertificate" required="false" /><dsml:attribute ref="#givenName" required="false" /><dsml:attribute ref="#expectedRulesList" required="false" /><dsml:attribute ref="#detectedRulesList" required="false" /><dsml:attribute ref="#csObjectID" required="true" /></dsml:class><dsml:class id="organizationalUnit" type="structural"><dsml:name>organizationalUnit</dsml:name><dsml:attribute ref="#company" required="false" /><dsml:attribute ref="#description" required="false" /><dsml:attribute ref="#displayName" required="false" /><dsml:attribute ref="#facsimileTelephoneNumber" required="false" /><dsml:attribute ref="#l" required="false" /><dsml:attribute ref="#ou" required="false" /><dsml:attribute ref="#physicalDeliveryOfficeName" required="false" /><dsml:attribute ref="#postOfficeBox" required="false" /><dsml:attribute ref="#postalAddress" required="false" /><dsml:attribute ref="#postalCode" required="false" /><dsml:attribute ref="#seeAlso" required="false" /><dsml:attribute ref="#st" required="false" /><dsml:attribute ref="#street" required="false" /><dsml:attribute ref="#telephoneNumber" required="false" /></dsml:class><dsml:class id="organization" type="structural"><dsml:name>organization</dsml:name><dsml:attribute ref="#company" required="false" /><dsml:attribute ref="#description" required="false" /><dsml:attribute ref="#displayName" required="false" /><dsml:attribute ref="#facsimileTelephoneNumber" required="false" /><dsml:attribute ref="#l" required="false" /><dsml:attribute ref="#o" required="false" /><dsml:attribute ref="#physicalDeliveryOfficeName" required="false" /><dsml:attribute ref="#postOfficeBox" required="false" /><dsml:attribute ref="#postalAddress" required="false" /><dsml:attribute ref="#postalCode" required="false" /><dsml:attribute ref="#seeAlso" required="false" /><dsml:attribute ref="#st" required="false" /><dsml:attribute ref="#street" required="false" /><dsml:attribute ref="#telephoneNumber" required="false" /></dsml:class><dsml:class id="locality" type="structural"><dsml:name>locality</dsml:name><dsml:attribute ref="#description" required="false" /><dsml:attribute ref="#displayName" required="false" /><dsml:attribute ref="#l" required="false" /><dsml:attribute ref="#seeAlso" required="false" /><dsml:attribute ref="#st" required="false" /><dsml:attribute ref="#street" required="false" /></dsml:class><dsml:class id="domain" type="structural"><dsml:name>domain</dsml:name><dsml:attribute ref="#company" required="false" /><dsml:attribute ref="#dc" required="false" /><dsml:attribute ref="#description" required="false" /><dsml:attribute ref="#displayName" required="false" /><dsml:attribute ref="#facsimileTelephoneNumber" required="false" /><dsml:attribute ref="#l" required="false" /><dsml:attribute ref="#o" required="false" /><dsml:attribute ref="#physicalDeliveryOfficeName" required="false" /><dsml:attribute ref="#postOfficeBox" required="false" /><dsml:attribute ref="#postalAddress" required="false" /><dsml:attribute ref="#postalCode" required="false" /><dsml:attribute ref="#seeAlso" required="false" /><dsml:attribute ref="#st" required="false" /><dsml:attribute ref="#street" required="false" /><dsml:attribute ref="#telephoneNumber" required="false" /></dsml:class><dsml:class id="computer" type="structural"><dsml:name>computer</dsml:name><dsml:attribute ref="#cn" required="false" /><dsml:attribute ref="#description" required="false" /><dsml:attribute ref="#displayName" required="false" /><dsml:attribute ref="#l" required="false" /><dsml:attribute ref="#location" required="false" /><dsml:attribute ref="#manager" required="false" /><dsml:attribute ref="#o" required="false" /><dsml:attribute ref="#ou" required="false" /><dsml:attribute ref="#seeAlso" required="false" /></dsml:class><dsml:class id="printer" type="structural"><dsml:name>printer</dsml:name><dsml:attribute ref="#cn" required="false" /><dsml:attribute ref="#description" required="false" /><dsml:attribute ref="#displayName" required="false" /><dsml:attribute ref="#l" required="false" /><dsml:attribute ref="#location" required="false" /><dsml:attribute ref="#manager" required="false" /><dsml:attribute ref="#o" required="false" /><dsml:attribute ref="#ou" required="false" /><dsml:attribute ref="#seeAlso" required="false" /></dsml:class><dsml:class id="group" type="structural"><dsml:name>group</dsml:name><dsml:attribute ref="#accountName" required="false" /><dsml:attribute ref="#cn" required="false" /><dsml:attribute ref="#creator" required="true" /><dsml:attribute ref="#csObjectID" required="true" /><dsml:attribute ref="#deleteTime" required="true" /><dsml:attribute ref="#description" required="false" /><dsml:attribute ref="#displayedOwner" required="false" /><dsml:attribute ref="#displayName" required="false" /><dsml:attribute ref="#domain" required="true" /><dsml:attribute ref="#email" required="false" /><dsml:attribute ref="#expirationTime" required="false" /><dsml:attribute ref="#mail" required="false" /><dsml:attribute ref="#mailNickname" required="false" /><dsml:attribute ref="#manager" required="false" /><dsml:attribute ref="#member" required="false" /><dsml:attribute ref="#memberFilter" required="false" /><dsml:attribute ref="#membershipAddWorkflow" required="true" /><dsml:attribute ref="#membershipLocked" required="true" /><dsml:attribute ref="#o" required="false" /><dsml:attribute ref="#objectID" required="true" /><dsml:attribute ref="#objectType" required="true" /><dsml:attribute ref="#ou" required="false" /><dsml:attribute ref="#owner" required="false" /><dsml:attribute ref="#seeAlso" required="false" /><dsml:attribute ref="#scope" required="true" /><dsml:attribute ref="#temporal" required="false" /><dsml:attribute ref="#type" required="true" /><dsml:attribute ref="#uid" required="false" /><dsml:attribute ref="#expectedRulesList" required="false" /><dsml:attribute ref="#detectedRulesList" required="false" /><dsml:attribute ref="#objectSid" required="true" /><dsml:attribute ref="#sIDHistory" required="false" /></dsml:class><dsml:class id="role" type="structural"><dsml:name>role</dsml:name><dsml:attribute ref="#company" required="false" /><dsml:attribute ref="#description" required="false" /><dsml:attribute ref="#displayName" required="false" /><dsml:attribute ref="#facsimileTelephoneNumber" required="false" /><dsml:attribute ref="#l" required="false" /><dsml:attribute ref="#member" required="false" /><dsml:attribute ref="#ou" required="false" /><dsml:attribute ref="#physicalDeliveryOfficeName" required="false" /><dsml:attribute ref="#postOfficeBox" required="false" /><dsml:attribute ref="#postalAddress" required="false" /><dsml:attribute ref="#postalCode" required="false" /><dsml:attribute ref="#seeAlso" required="false" /><dsml:attribute ref="#st" required="false" /><dsml:attribute ref="#street" required="false" /><dsml:attribute ref="#telephoneNumber" required="false" /></dsml:class><dsml:attribute-type id="assistant" single-value="true"><dsml:name>assistant</dsml:name><dsml:syntax>1.3.6.1.4.1.1466.115.121.1.12</dsml:syntax></dsml:attribute-type><dsml:attribute-type id="c" single-value="true" ms-dsml:indexable="true"><dsml:name>c</dsml:name><dsml:syntax>1.3.6.1.4.1.1466.115.121.1.15</dsml:syntax></dsml:attribute-type><dsml:attribute-type id="cn" single-value="true" ms-dsml:indexable="true"><dsml:name>cn</dsml:name><dsml:syntax>1.3.6.1.4.1.1466.115.121.1.15</dsml:syntax></dsml:attribute-type><dsml:attribute-type id="co" single-value="true" ms-dsml:indexable="true"><dsml:name>co</dsml:name><dsml:syntax>1.3.6.1.4.1.1466.115.121.1.15</dsml:syntax></dsml:attribute-type><dsml:attribute-type id="comment" single-value="true" ms-dsml:indexable="true"><dsml:name>comment</dsml:name><dsml:syntax>1.3.6.1.4.1.1466.115.121.1.15</dsml:syntax></dsml:attribute-type><dsml:attribute-type id="company" single-value="true" ms-dsml:indexable="true"><dsml:name>company</dsml:name><dsml:syntax>1.3.6.1.4.1.1466.115.121.1.15</dsml:syntax></dsml:attribute-type><dsml:attribute-type id="dc" single-value="true" ms-dsml:indexable="true"><dsml:name>dc</dsml:name><dsml:syntax>1.3.6.1.4.1.1466.115.121.1.15</dsml:syntax></dsml:attribute-type><dsml:attribute-type id="department" single-value="true" ms-dsml:indexable="true"><dsml:name>department</dsml:name><dsml:syntax>1.3.6.1.4.1.1466.115.121.1.15</dsml:syntax></dsml:attribute-type><dsml:attribute-type id="description" single-value="true" ms-dsml:indexable="true"><dsml:name>description</dsml:name><dsml:syntax>1.3.6.1.4.1.1466.115.121.1.15</dsml:syntax></dsml:attribute-type><dsml:attribute-type id="displayName" single-value="true" ms-dsml:indexable="true"><dsml:name>displayName</dsml:name><dsml:syntax>1.3.6.1.4.1.1466.115.121.1.15</dsml:syntax></dsml:attribute-type><dsml:attribute-type id="division" single-value="true" ms-dsml:indexable="true"><dsml:name>division</dsml:name><dsml:syntax>1.3.6.1.4.1.1466.115.121.1.15</dsml:syntax></dsml:attribute-type><dsml:attribute-type id="employeeID" single-value="true" ms-dsml:indexable="true"><dsml:name>employeeID</dsml:name><dsml:syntax>1.3.6.1.4.1.1466.115.121.1.15</dsml:syntax></dsml:attribute-type><dsml:attribute-type id="employeeStatus" single-value="true" ms-dsml:indexable="true"><dsml:name>employeeStatus</dsml:name><dsml:syntax>1.3.6.1.4.1.1466.115.121.1.15</dsml:syntax></dsml:attribute-type><dsml:attribute-type id="employeeType" single-value="true" ms-dsml:indexable="true"><dsml:name>employeeType</dsml:name><dsml:syntax>1.3.6.1.4.1.1466.115.121.1.15</dsml:syntax></dsml:attribute-type><dsml:attribute-type id="facsimileTelephoneNumber" single-value="true" ms-dsml:indexable="true"><dsml:name>facsimileTelephoneNumber</dsml:name><dsml:syntax>1.3.6.1.4.1.1466.115.121.1.15</dsml:syntax></dsml:attribute-type><dsml:attribute-type id="generationQualifier" single-value="true" ms-dsml:indexable="true"><dsml:name>generationQualifier</dsml:name><dsml:syntax>1.3.6.1.4.1.1466.115.121.1.15</dsml:syntax></dsml:attribute-type><dsml:attribute-type id="firstName" single-value="true" ms-dsml:indexable="true"><dsml:name>firstName</dsml:name><dsml:syntax>1.3.6.1.4.1.1466.115.121.1.15</dsml:syntax></dsml:attribute-type><dsml:attribute-type id="homePhone" single-value="true" ms-dsml:indexable="true"><dsml:name>homePhone</dsml:name><dsml:syntax>1.3.6.1.4.1.1466.115.121.1.15</dsml:syntax></dsml:attribute-type><dsml:attribute-type id="info" single-value="true" ms-dsml:indexable="true"><dsml:name>info</dsml:name><dsml:syntax>1.3.6.1.4.1.1466.115.121.1.15</dsml:syntax></dsml:attribute-type><dsml:attribute-type id="initials" single-value="true" ms-dsml:indexable="true"><dsml:name>initials</dsml:name><dsml:syntax>1.3.6.1.4.1.1466.115.121.1.15</dsml:syntax></dsml:attribute-type><dsml:attribute-type id="l" single-value="true" ms-dsml:indexable="true"><dsml:name>l</dsml:name><dsml:syntax>1.3.6.1.4.1.1466.115.121.1.15</dsml:syntax></dsml:attribute-type><dsml:attribute-type id="location" single-value="true" ms-dsml:indexable="true"><dsml:name>location</dsml:name><dsml:syntax>1.3.6.1.4.1.1466.115.121.1.15</dsml:syntax></dsml:attribute-type><dsml:attribute-type id="mail" single-value="true" ms-dsml:indexable="true"><dsml:name>mail</dsml:name><dsml:syntax>1.3.6.1.4.1.1466.115.121.1.15</dsml:syntax></dsml:attribute-type><dsml:attribute-type id="mailNickname" single-value="true" ms-dsml:indexable="true"><dsml:name>mailNickname</dsml:name><dsml:syntax>1.3.6.1.4.1.1466.115.121.1.15</dsml:syntax></dsml:attribute-type><dsml:attribute-type id="manager" single-value="true"><dsml:name>manager</dsml:name><dsml:syntax>1.3.6.1.4.1.1466.115.121.1.12</dsml:syntax></dsml:attribute-type><dsml:attribute-type id="member"><dsml:name>member</dsml:name><dsml:syntax>1.3.6.1.4.1.1466.115.121.1.12</dsml:syntax></dsml:attribute-type><dsml:attribute-type id="middleName" single-value="true" ms-dsml:indexable="true"><dsml:name>middleName</dsml:name><dsml:syntax>1.3.6.1.4.1.1466.115.121.1.15</dsml:syntax></dsml:attribute-type><dsml:attribute-type id="mobile" single-value="true" ms-dsml:indexable="true"><dsml:name>mobile</dsml:name><dsml:syntax>1.3.6.1.4.1.1466.115.121.1.15</dsml:syntax></dsml:attribute-type><dsml:attribute-type id="o" single-value="true" ms-dsml:indexable="true"><dsml:name>o</dsml:name><dsml:syntax>1.3.6.1.4.1.1466.115.121.1.15</dsml:syntax></dsml:attribute-type><dsml:attribute-type id="otherMailbox" ms-dsml:indexable="true" ms-dsml:indexed="true"><dsml:name>otherMailbox</dsml:name><dsml:syntax>1.3.6.1.4.1.1466.115.121.1.15</dsml:syntax></dsml:attribute-type><dsml:attribute-type id="ou" single-value="true" ms-dsml:indexable="true"><dsml:name>ou</dsml:name><dsml:syntax>1.3.6.1.4.1.1466.115.121.1.15</dsml:syntax></dsml:attribute-type><dsml:attribute-type id="pager" single-value="true" ms-dsml:indexable="true"><dsml:name>pager</dsml:name><dsml:syntax>1.3.6.1.4.1.1466.115.121.1.15</dsml:syntax></dsml:attribute-type><dsml:attribute-type id="personalTitle" single-value="true" ms-dsml:indexable="true"><dsml:name>personalTitle</dsml:name><dsml:syntax>1.3.6.1.4.1.1466.115.121.1.15</dsml:syntax></dsml:attribute-type><dsml:attribute-type id="physicalDeliveryOfficeName" single-value="true" ms-dsml:indexable="true"><dsml:name>physicalDeliveryOfficeName</dsml:name><dsml:syntax>1.3.6.1.4.1.1466.115.121.1.15</dsml:syntax></dsml:attribute-type><dsml:attribute-type id="postOfficeBox" single-value="true" ms-dsml:indexable="true"><dsml:name>postOfficeBox</dsml:name><dsml:syntax>1.3.6.1.4.1.1466.115.121.1.15</dsml:syntax></dsml:attribute-type><dsml:attribute-type id="postalAddress" single-value="true" ms-dsml:indexable="true"><dsml:name>postalAddress</dsml:name><dsml:syntax>1.3.6.1.4.1.1466.115.121.1.15</dsml:syntax></dsml:attribute-type><dsml:attribute-type id="postalCode" single-value="true" ms-dsml:indexable="true"><dsml:name>postalCode</dsml:name><dsml:syntax>1.3.6.1.4.1.1466.115.121.1.15</dsml:syntax></dsml:attribute-type><dsml:attribute-type id="secretary" single-value="true"><dsml:name>secretary</dsml:name><dsml:syntax>1.3.6.1.4.1.1466.115.121.1.12</dsml:syntax></dsml:attribute-type><dsml:attribute-type id="seeAlso" single-value="true"><dsml:name>seeAlso</dsml:name><dsml:syntax>1.3.6.1.4.1.1466.115.121.1.12</dsml:syntax></dsml:attribute-type><dsml:attribute-type id="sn" single-value="true" ms-dsml:indexable="true"><dsml:name>sn</dsml:name><dsml:syntax>1.3.6.1.4.1.1466.115.121.1.15</dsml:syntax></dsml:attribute-type><dsml:attribute-type id="st" single-value="true" ms-dsml:indexable="true"><dsml:name>st</dsml:name><dsml:syntax>1.3.6.1.4.1.1466.115.121.1.15</dsml:syntax></dsml:attribute-type><dsml:attribute-type id="street" single-value="true" ms-dsml:indexable="true"><dsml:name>street</dsml:name><dsml:syntax>1.3.6.1.4.1.1466.115.121.1.15</dsml:syntax></dsml:attribute-type><dsml:attribute-type id="telephoneNumber" single-value="true" ms-dsml:indexable="true"><dsml:name>telephoneNumber</dsml:name><dsml:syntax>1.3.6.1.4.1.1466.115.121.1.15</dsml:syntax></dsml:attribute-type><dsml:attribute-type id="title" single-value="true" ms-dsml:indexable="true"><dsml:name>title</dsml:name><dsml:syntax>1.3.6.1.4.1.1466.115.121.1.15</dsml:syntax></dsml:attribute-type><dsml:attribute-type id="uid" single-value="true" ms-dsml:indexable="true"><dsml:name>uid</dsml:name><dsml:syntax>1.3.6.1.4.1.1466.115.121.1.15</dsml:syntax></dsml:attribute-type><dsml:attribute-type id="userCertificate"><dsml:name>userCertificate</dsml:name><dsml:syntax>1.3.6.1.4.1.1466.115.121.1.5</dsml:syntax></dsml:attribute-type><dsml:attribute-type id="userSMIMECertificate"><dsml:name>userSMIMECertificate</dsml:name><dsml:syntax>1.3.6.1.4.1.1466.115.121.1.5</dsml:syntax></dsml:attribute-type><!-- Additions for ILM2 --><dsml:attribute-type id="accountName" single-value="true" ms-dsml:indexable="true" ms-dsml:indexed="true"><dsml:name>accountName</dsml:name><dsml:syntax>1.3.6.1.4.1.1466.115.121.1.15</dsml:syntax></dsml:attribute-type><dsml:attribute-type id="jobTitle" single-value="true" ms-dsml:indexable="true"><dsml:name>jobTitle</dsml:name><dsml:syntax>1.3.6.1.4.1.1466.115.121.1.15</dsml:syntax></dsml:attribute-type><dsml:attribute-type id="photo" single-value="true"><dsml:name>photo</dsml:name><dsml:syntax>1.3.6.1.4.1.1466.115.121.1.5</dsml:syntax></dsml:attribute-type><dsml:attribute-type id="officeLocation" single-value="true" ms-dsml:indexable="true"><dsml:name>officeLocation</dsml:name><dsml:syntax>1.3.6.1.4.1.1466.115.121.1.15</dsml:syntax></dsml:attribute-type><dsml:attribute-type id="address" single-value="true" ms-dsml:indexable="true"><dsml:name>address</dsml:name><dsml:syntax>1.3.6.1.4.1.1466.115.121.1.15</dsml:syntax></dsml:attribute-type><dsml:attribute-type id="country" single-value="true" ms-dsml:indexable="true"><dsml:name>country</dsml:name><dsml:syntax>1.3.6.1.4.1.1466.115.121.1.15</dsml:syntax></dsml:attribute-type><dsml:attribute-type id="lastName" single-value="true" ms-dsml:indexable="true"><dsml:name>lastName</dsml:name><dsml:syntax>1.3.6.1.4.1.1466.115.121.1.15</dsml:syntax></dsml:attribute-type><dsml:attribute-type id="email" single-value="true" ms-dsml:indexable="true"><dsml:name>email</dsml:name><dsml:syntax>1.3.6.1.4.1.1466.115.121.1.15</dsml:syntax></dsml:attribute-type><dsml:attribute-type id="officePhone" single-value="true" ms-dsml:indexable="true"><dsml:name>officePhone</dsml:name><dsml:syntax>1.3.6.1.4.1.1466.115.121.1.15</dsml:syntax></dsml:attribute-type><dsml:attribute-type id="officeFax" single-value="true" ms-dsml:indexable="true"><dsml:name>officeFax</dsml:name><dsml:syntax>1.3.6.1.4.1.1466.115.121.1.15</dsml:syntax></dsml:attribute-type><dsml:attribute-type id="domain" single-value="true" ms-dsml:indexable="true"><dsml:name>domain</dsml:name><dsml:syntax>1.3.6.1.4.1.1466.115.121.1.15</dsml:syntax></dsml:attribute-type><dsml:attribute-type id="mobilePhone" single-value="true" ms-dsml:indexable="true"><dsml:name>mobilePhone</dsml:name><dsml:syntax>1.3.6.1.4.1.1466.115.121.1.15</dsml:syntax></dsml:attribute-type><dsml:attribute-type id="city" single-value="true" ms-dsml:indexable="true"><dsml:name>city</dsml:name><dsml:syntax>1.3.6.1.4.1.1466.115.121.1.15</dsml:syntax></dsml:attribute-type><dsml:attribute-type id="costCenter" single-value="true" ms-dsml:indexable="true"><dsml:name>costCenter</dsml:name><dsml:syntax>1.3.6.1.4.1.1466.115.121.1.15</dsml:syntax></dsml:attribute-type><dsml:attribute-type id="costCenterName" single-value="true" ms-dsml:indexable="true"><dsml:name>costCenterName</dsml:name><dsml:syntax>1.3.6.1.4.1.1466.115.121.1.15</dsml:syntax></dsml:attribute-type><dsml:attribute-type id="employeeStartDate" single-value="true" ms-dsml:indexable="true"><dsml:name>employeeStartDate</dsml:name><dsml:syntax>1.3.6.1.4.1.1466.115.121.1.15</dsml:syntax></dsml:attribute-type><dsml:attribute-type id="employeeEndDate" single-value="true" ms-dsml:indexable="true"><dsml:name>employeeEndDate</dsml:name><dsml:syntax>1.3.6.1.4.1.1466.115.121.1.15</dsml:syntax></dsml:attribute-type><dsml:attribute-type id="owner" single-value="false"><dsml:name>owner</dsml:name><dsml:syntax>1.3.6.1.4.1.1466.115.121.1.12</dsml:syntax></dsml:attribute-type><dsml:attribute-type id="type" single-value="true" ms-dsml:indexable="true"><dsml:name>type</dsml:name><dsml:syntax>1.3.6.1.4.1.1466.115.121.1.15</dsml:syntax></dsml:attribute-type><dsml:attribute-type id="scope" single-value="true" ms-dsml:indexable="true"><dsml:name>scope</dsml:name><dsml:syntax>1.3.6.1.4.1.1466.115.121.1.15</dsml:syntax></dsml:attribute-type><dsml:attribute-type id="membershipLocked" single-value="true"><dsml:name>membershipLocked</dsml:name><dsml:syntax>1.3.6.1.4.1.1466.115.121.1.7</dsml:syntax></dsml:attribute-type><dsml:attribute-type id="givenName" single-value="true" ms-dsml:indexable="true"><dsml:name>givenName</dsml:name><dsml:syntax>1.3.6.1.4.1.1466.115.121.1.15</dsml:syntax></dsml:attribute-type><dsml:attribute-type id="loginName" single-value="true" ms-dsml:indexable="true"><dsml:name>loginName</dsml:name><dsml:syntax>1.3.6.1.4.1.1466.115.121.1.15</dsml:syntax></dsml:attribute-type><dsml:attribute-type id="creator" single-value="true"><dsml:name>creator</dsml:name><dsml:syntax>1.3.6.1.4.1.1466.115.121.1.12</dsml:syntax></dsml:attribute-type><dsml:attribute-type id="deleteTime" single-value="true" ms-dsml:indexable="true"><dsml:name>deleteTime</dsml:name><dsml:syntax>1.3.6.1.4.1.1466.115.121.1.15</dsml:syntax></dsml:attribute-type><dsml:attribute-type id="expirationTime" single-value="true" ms-dsml:indexable="true"><dsml:name>expirationTime</dsml:name><dsml:syntax>1.3.6.1.4.1.1466.115.121.1.15</dsml:syntax></dsml:attribute-type><dsml:attribute-type id="memberFilter" single-value="true" ms-dsml:indexable="false"><dsml:name>memberFilter</dsml:name><dsml:syntax>1.3.6.1.4.1.1466.115.121.1.15</dsml:syntax></dsml:attribute-type><dsml:attribute-type id="membershipAddWorkflow" single-value="true" ms-dsml:indexable="true"><dsml:name>membershipAddWorkflow</dsml:name><dsml:syntax>1.3.6.1.4.1.1466.115.121.1.15</dsml:syntax></dsml:attribute-type><dsml:attribute-type id="temporal" single-value="true"><dsml:name>temporal</dsml:name><dsml:syntax>1.3.6.1.4.1.1466.115.121.1.7</dsml:syntax></dsml:attribute-type><dsml:attribute-type id="objectID" single-value="true"><dsml:name>objectID</dsml:name><dsml:syntax>1.3.6.1.4.1.1466.115.121.1.15</dsml:syntax></dsml:attribute-type><dsml:attribute-type id="objectType" single-value="true" ms-dsml:indexable="true"><dsml:name>objectType</dsml:name><dsml:syntax>1.3.6.1.4.1.1466.115.121.1.15</dsml:syntax></dsml:attribute-type><dsml:attribute-type id="ad_UserCannotChangePassword" single-value="true"><dsml:name>ad_UserCannotChangePassword</dsml:name><dsml:syntax>1.3.6.1.4.1.1466.115.121.1.7</dsml:syntax></dsml:attribute-type><dsml:attribute-type id="authNWFLockedOut"><dsml:name>authNWFLockedOut</dsml:name><dsml:syntax>1.3.6.1.4.1.1466.115.121.1.12</dsml:syntax></dsml:attribute-type><dsml:attribute-type id="authNWFRegistered"><dsml:name>authNWFRegistered</dsml:name><dsml:syntax>1.3.6.1.4.1.1466.115.121.1.12</dsml:syntax></dsml:attribute-type><dsml:attribute-type id="freezeCount" single-value="true"><dsml:name>freezeCount</dsml:name><dsml:syntax>1.3.6.1.4.1.1466.115.121.1.27</dsml:syntax></dsml:attribute-type><dsml:attribute-type id="freezeLevel" single-value="true" ms-dsml:indexable="true"><dsml:name>freezeLevel</dsml:name><dsml:syntax>1.3.6.1.4.1.1466.115.121.1.15</dsml:syntax></dsml:attribute-type><dsml:attribute-type id="lastResetAttemptTime" single-value="true" ms-dsml:indexable="true"><dsml:name>lastResetAttemptTime</dsml:name><dsml:syntax>1.3.6.1.4.1.1466.115.121.1.15</dsml:syntax></dsml:attribute-type><dsml:attribute-type id="proxyAddressCollection" ms-dsml:indexed="true" ms-dsml:indexable="true"><dsml:name>proxyAddressCollection</dsml:name><dsml:syntax>1.3.6.1.4.1.1466.115.121.1.15</dsml:syntax></dsml:attribute-type><dsml:attribute-type id="register" single-value="true"><dsml:name>register</dsml:name><dsml:syntax>1.3.6.1.4.1.1466.115.121.1.7</dsml:syntax></dsml:attribute-type><dsml:attribute-type id="registrationRequired" single-value="true"><dsml:name>registrationRequired</dsml:name><dsml:syntax>1.3.6.1.4.1.1466.115.121.1.7</dsml:syntax></dsml:attribute-type><dsml:attribute-type id="resetPassword" single-value="true" ms-dsml:indexable="true"><dsml:name>resetPassword</dsml:name><dsml:syntax>1.3.6.1.4.1.1466.115.121.1.15</dsml:syntax></dsml:attribute-type><dsml:attribute-type id="createdTime" single-value="true" ms-dsml:indexable="true"><dsml:name>createdTime</dsml:name><dsml:syntax>1.3.6.1.4.1.1466.115.121.1.15</dsml:syntax></dsml:attribute-type><dsml:attribute-type id="csObjectID" single-value="true" ms-dsml:indexable="true"><dsml:name>csObjectID</dsml:name><dsml:syntax>1.3.6.1.4.1.1466.115.121.1.15</dsml:syntax></dsml:attribute-type><dsml:attribute-type id="assembly" single-value="true"><dsml:name>assembly</dsml:name><dsml:syntax>1.3.6.1.4.1.1466.115.121.1.15</dsml:syntax></dsml:attribute-type><dsml:attribute-type id="connectedObjectType" single-value="true"><dsml:name>connectedObjectType</dsml:name><dsml:syntax>1.3.6.1.4.1.1466.115.121.1.15</dsml:syntax></dsml:attribute-type><dsml:attribute-type id="connectedSystem" single-value="true"><dsml:name>connectedSystem</dsml:name><dsml:syntax>1.3.6.1.4.1.1466.115.121.1.15</dsml:syntax></dsml:attribute-type><dsml:attribute-type id="connectedSystemScope" single-value="true"><dsml:name>connectedSystemScope</dsml:name><dsml:syntax>1.3.6.1.4.1.1466.115.121.1.15</dsml:syntax></dsml:attribute-type><dsml:attribute-type id="msidmOutboundScopingFilters" single-value="true"><dsml:name>msidmOutboundScopingFilters</dsml:name><dsml:syntax>1.3.6.1.4.1.1466.115.121.1.15</dsml:syntax></dsml:attribute-type><dsml:attribute-type id="createConnectedSystemObject" single-value="true"><dsml:name>createConnectedSystemObject</dsml:name><dsml:syntax>1.3.6.1.4.1.1466.115.121.1.7</dsml:syntax></dsml:attribute-type><dsml:attribute-type id="createILMObject" single-value="true"><dsml:name>createILMObject</dsml:name><dsml:syntax>1.3.6.1.4.1.1466.115.121.1.7</dsml:syntax></dsml:attribute-type><dsml:attribute-type id="disconnectConnectedSystemObject" single-value="true"><dsml:name>disconnectConnectedSystemObject</dsml:name><dsml:syntax>1.3.6.1.4.1.1466.115.121.1.7</dsml:syntax></dsml:attribute-type><dsml:attribute-type id="dependency" single-value="true"><dsml:name>dependency</dsml:name><dsml:syntax>1.3.6.1.4.1.1466.115.121.1.12</dsml:syntax></dsml:attribute-type><dsml:attribute-type id="detectedRulesList" single-value="false"><dsml:name>detectedRulesList</dsml:name><dsml:syntax>1.3.6.1.4.1.1466.115.121.1.12</dsml:syntax></dsml:attribute-type><dsml:attribute-type id="existenceTest" single-value="false"><dsml:name>existenceTest</dsml:name><dsml:syntax>1.3.6.1.4.1.1466.115.121.1.15</dsml:syntax></dsml:attribute-type><dsml:attribute-type id="expectedRulesList" single-value="false"><dsml:name>expectedRulesList</dsml:name><dsml:syntax>1.3.6.1.4.1.1466.115.121.1.12</dsml:syntax></dsml:attribute-type><dsml:attribute-type id="expectedRuleEntryAction" single-value="true"><dsml:name>expectedRuleEntryAction</dsml:name><dsml:syntax>1.3.6.1.4.1.1466.115.121.1.15</dsml:syntax></dsml:attribute-type><dsml:attribute-type id="flowType" single-value="true"><dsml:name>flowType</dsml:name><dsml:syntax>1.3.6.1.4.1.1466.115.121.1.27</dsml:syntax></dsml:attribute-type><dsml:attribute-type id="functionName" single-value="true"><dsml:name>functionName</dsml:name><dsml:syntax>1.3.6.1.4.1.1466.115.121.1.15</dsml:syntax></dsml:attribute-type><dsml:attribute-type id="functionParameters" single-value="true"><dsml:name>functionParameters</dsml:name><dsml:syntax>1.3.6.1.4.1.1466.115.121.1.15</dsml:syntax></dsml:attribute-type><dsml:attribute-type id="ilmObjectType" single-value="true"><dsml:name>ilmObjectType</dsml:name><dsml:syntax>1.3.6.1.4.1.1466.115.121.1.15</dsml:syntax></dsml:attribute-type><dsml:attribute-type id="initialFlow" single-value="false"><dsml:name>initialFlow</dsml:name><dsml:syntax>1.3.6.1.4.1.1466.115.121.1.15</dsml:syntax></dsml:attribute-type><dsml:attribute-type id="msidmOutboundIsFilterBased" single-value="true"><dsml:name>msidmOutboundIsFilterBased</dsml:name><dsml:syntax>1.3.6.1.4.1.1466.115.121.1.7</dsml:syntax></dsml:attribute-type><dsml:attribute-type id="namespace" single-value="true"><dsml:name>namespace</dsml:name><dsml:syntax>1.3.6.1.4.1.1466.115.121.1.15</dsml:syntax></dsml:attribute-type><dsml:attribute-type id="persistentFlow" single-value="false"><dsml:name>persistentFlow</dsml:name><dsml:syntax>1.3.6.1.4.1.1466.115.121.1.15</dsml:syntax></dsml:attribute-type><dsml:attribute-type id="precedence" single-value="true"><dsml:name>precedence</dsml:name><dsml:syntax>1.3.6.1.4.1.1466.115.121.1.27</dsml:syntax></dsml:attribute-type><dsml:attribute-type id="relationshipCriteria" single-value="true"><dsml:name>relationshipCriteria</dsml:name><dsml:syntax>1.3.6.1.4.1.1466.115.121.1.15</dsml:syntax></dsml:attribute-type><dsml:attribute-type id="returnType" single-value="true"><dsml:name>returnType</dsml:name><dsml:syntax>1.3.6.1.4.1.1466.115.121.1.15</dsml:syntax></dsml:attribute-type><dsml:attribute-type id="synchronizationRuleData" single-value="false"><dsml:name>synchronizationRuleData</dsml:name><dsml:syntax>1.3.6.1.4.1.1466.115.121.1.15</dsml:syntax></dsml:attribute-type><dsml:attribute-type id="synchronizationRuleID" single-value="true"><dsml:name>synchronizationRuleID</dsml:name><dsml:syntax>1.3.6.1.4.1.1466.115.121.1.12</dsml:syntax></dsml:attribute-type><dsml:attribute-type id="status" ms-dsml:indexable="true" single-value="true"><dsml:name>status</dsml:name><dsml:syntax>1.3.6.1.4.1.1466.115.121.1.15</dsml:syntax></dsml:attribute-type><dsml:attribute-type id="statusError" single-value="true"><dsml:name>statusError</dsml:name><dsml:syntax>1.3.6.1.4.1.1466.115.121.1.15</dsml:syntax></dsml:attribute-type><dsml:attribute-type id="synchronizationRuleParameters" single-value="false"><dsml:name>synchronizationRuleParameters</dsml:name><dsml:syntax>1.3.6.1.4.1.1466.115.121.1.15</dsml:syntax></dsml:attribute-type><dsml:attribute-type id="displayedOwner" single-value="true"><dsml:name>displayedOwner</dsml:name><dsml:syntax>1.3.6.1.4.1.1466.115.121.1.12</dsml:syntax></dsml:attribute-type><dsml:attribute-type id="connector" single-value="true"><dsml:name>connector</dsml:name><dsml:syntax>1.3.6.1.4.1.1466.115.121.1.15</dsml:syntax></dsml:attribute-type><dsml:attribute-type id="resourceParent" single-value="true"><dsml:name>resourceParent</dsml:name><dsml:syntax>1.3.6.1.4.1.1466.115.121.1.12</dsml:syntax></dsml:attribute-type><dsml:attribute-type id="objectSid" single-value="true" ms-dsml:indexable="true"><dsml:name>objectSid</dsml:name><dsml:syntax>1.3.6.1.4.1.1466.115.121.1.5</dsml:syntax></dsml:attribute-type><dsml:attribute-type id="sIDHistory" single-value="false" ms-dsml:indexable="false"><dsml:name>sIDHistory</dsml:name><dsml:syntax>1.3.6.1.4.1.1466.115.121.1.5</dsml:syntax></dsml:attribute-type><dsml:attribute-type id="Path" single-value="true" ms-dsml:indexable="true"><dsml:name>Path</dsml:name><dsml:syntax>1.3.6.1.4.1.1466.115.121.1.15</dsml:syntax></dsml:attribute-type></dsml:directory-schema></dsml:dsml>
 </schema>
 <import-attribute-flow><import-flow-set mv-object-type="GalSyncPerson"><import-flows mv-attribute="cn" type="ranked"><import-flow src-ma="{33846891-F169-4164-886C-5F0CD3ADB4C3}" cd-object-type="user" id="{7DBC2EE4-EB7C-4A0F-B9EC-C1EEFC53E4DA}"><direct-mapping><src-attribute>cn</src-attribute></direct-mapping></import-flow></import-flows><import-flows mv-attribute="displayName" type="ranked"><import-flow src-ma="{33846891-F169-4164-886C-5F0CD3ADB4C3}" cd-object-type="user" id="{0FAB8AAC-62D0-4B57-AE34-6830970E35E0}"><direct-mapping><src-attribute>displayName</src-attribute></direct-mapping></import-flow></import-flows><import-flows mv-attribute="manager" type="ranked"><import-flow src-ma="{33846891-F169-4164-886C-5F0CD3ADB4C3}" cd-object-type="user" id="{BA8B666C-A199-4B12-B8B9-644F09C1525B}"><direct-mapping><src-attribute>manager</src-attribute></direct-mapping></import-flow></import-flows><import-flows mv-attribute="employeeID" type="ranked"><import-flow src-ma="{33846891-F169-4164-886C-5F0CD3ADB4C3}" cd-object-type="user" id="{6E6A7BDA-75D3-4559-A463-EE0E91B1DED4}"><direct-mapping><src-attribute>employeeID</src-attribute></direct-mapping></import-flow></import-flows><import-flows mv-attribute="givenName" type="ranked"><import-flow src-ma="{33846891-F169-4164-886C-5F0CD3ADB4C3}" cd-object-type="user" id="{10AD5C30-8C60-4D5E-9B13-99A32DDC646B}"><direct-mapping><src-attribute>givenName</src-attribute></direct-mapping></import-flow></import-flows><import-flows mv-attribute="mail" type="ranked"><import-flow src-ma="{33846891-F169-4164-886C-5F0CD3ADB4C3}" cd-object-type="user" id="{CD771E4A-BD48-4D03-BF48-82F3C2213D2F}"><direct-mapping><src-attribute>mail</src-attribute></direct-mapping></import-flow></import-flows><import-flows mv-attribute="sn" type="ranked"><import-flow src-ma="{33846891-F169-4164-886C-5F0CD3ADB4C3}" cd-object-type="user" id="{94F13752-3802-4C74-B5A4-B842D1709353}"><direct-mapping><src-attribute>sn</src-attribute></direct-mapping></import-flow></import-flows><import-flows mv-attribute="title" type="ranked"><import-flow src-ma="{33846891-F169-4164-886C-5F0CD3ADB4C3}" cd-object-type="user" id="{5192CA9B-4AC6-4BD6-B0D6-CCEB06C21E5C}"><direct-mapping><src-attribute>title</src-attribute></direct-mapping></import-flow></import-flows><import-flows mv-attribute="email" type="ranked"><import-flow src-ma="{33846891-F169-4164-886C-5F0CD3ADB4C3}" cd-object-type="user" id="{CE4A17CC-30F7-4FC5-81D7-579D8D016C54}"><direct-mapping><src-attribute>mail</src-attribute></direct-mapping></import-flow></import-flows></import-flow-set><import-flow-set mv-object-type="group"><import-flows mv-attribute="membershipLocked" type="equal"><import-flow src-ma="{569A4C72-3BEC-496D-B8E7-31C7DE6F519B}" cd-object-type="group" id="{7C99284E-4705-4B11-829D-19A77AE482AD}"><scripted-mapping><src-attribute intrinsic="true">dn</src-attribute><script-context>membershipLocked</script-context></scripted-mapping></import-flow></import-flows><import-flows mv-attribute="membershipAddWorkflow" type="equal"><import-flow src-ma="{569A4C72-3BEC-496D-B8E7-31C7DE6F519B}" cd-object-type="group" id="{C70D6C4B-58EA-43E2-894E-47D6398114B2}"><scripted-mapping><src-attribute intrinsic="true">dn</src-attribute><script-context>membershipAddWorkflow</script-context></scripted-mapping></import-flow></import-flows></import-flow-set><import-flow-set mv-object-type="person"><import-flows mv-attribute="cn" type="ranked"><import-flow src-ma="{569A4C72-3BEC-496D-B8E7-31C7DE6F519B}" cd-object-type="user" id="{0678708C-415C-45AD-A1B0-C22A94DCD496}"><direct-mapping><src-attribute>cn</src-attribute></direct-mapping></import-flow></import-flows><import-flows mv-attribute="department" type="ranked"><import-flow src-ma="{569A4C72-3BEC-496D-B8E7-31C7DE6F519B}" cd-object-type="user" id="{29638CA7-6B73-4891-9066-6CB026DB9862}"><direct-mapping><src-attribute>department</src-attribute></direct-mapping></import-flow></import-flows><import-flows mv-attribute="description" type="ranked"><import-flow src-ma="{569A4C72-3BEC-496D-B8E7-31C7DE6F519B}" cd-object-type="user" id="{976E68F8-4FA0-4289-9D09-408CE9817625}"><direct-mapping><src-attribute>description</src-attribute></direct-mapping></import-flow></import-flows><import-flows mv-attribute="displayName" type="ranked"><import-flow src-ma="{569A4C72-3BEC-496D-B8E7-31C7DE6F519B}" cd-object-type="user" id="{E4C6E27C-803A-40F9-BFFA-845BED12978F}"><direct-mapping><src-attribute>displayName</src-attribute></direct-mapping></import-flow></import-flows><import-flows mv-attribute="employeeID" type="ranked"><import-flow src-ma="{569A4C72-3BEC-496D-B8E7-31C7DE6F519B}" cd-object-type="user" id="{EEDB2051-2732-4085-82E9-8B307374487F}"><direct-mapping><src-attribute>employeeID</src-attribute></direct-mapping></import-flow></import-flows><import-flows mv-attribute="employeeType" type="ranked"><import-flow src-ma="{569A4C72-3BEC-496D-B8E7-31C7DE6F519B}" cd-object-type="user" id="{5082BBC5-A60A-4FEC-AD27-2C5DB4519F76}"><direct-mapping><src-attribute>employeeType</src-attribute></direct-mapping></import-flow></import-flows><import-flows mv-attribute="givenName" type="ranked"><import-flow src-ma="{569A4C72-3BEC-496D-B8E7-31C7DE6F519B}" cd-object-type="user" id="{07652E37-6CDD-49E8-B3BE-D279B28E7E6C}"><direct-mapping><src-attribute>givenName</src-attribute></direct-mapping></import-flow></import-flows><import-flows mv-attribute="initials" type="ranked"><import-flow src-ma="{569A4C72-3BEC-496D-B8E7-31C7DE6F519B}" cd-object-type="user" id="{15E68D34-C43C-4976-AC0D-E7E0095D56AD}"><direct-mapping><src-attribute>initials</src-attribute></direct-mapping></import-flow></import-flows><import-flows mv-attribute="l" type="ranked"><import-flow src-ma="{569A4C72-3BEC-496D-B8E7-31C7DE6F519B}" cd-object-type="user" id="{25B8C66B-C30E-4251-9E00-E4AB224D6C51}"><direct-mapping><src-attribute>l</src-attribute></direct-mapping></import-flow></import-flows><import-flows mv-attribute="mail" type="ranked"><import-flow src-ma="{569A4C72-3BEC-496D-B8E7-31C7DE6F519B}" cd-object-type="user" id="{493EC3BD-22A0-40F4-AE6B-EC5FCF3CB88B}"><direct-mapping><src-attribute>mail</src-attribute></direct-mapping></import-flow></import-flows><import-flows mv-attribute="mailNickname" type="ranked"><import-flow src-ma="{569A4C72-3BEC-496D-B8E7-31C7DE6F519B}" cd-object-type="user" id="{F4E1DA5B-30F7-4CAF-807C-69701F61BB32}"><direct-mapping><src-attribute>mailNickname</src-attribute></direct-mapping></import-flow></import-flows><import-flows mv-attribute="middleName" type="ranked"><import-flow src-ma="{569A4C72-3BEC-496D-B8E7-31C7DE6F519B}" cd-object-type="user" id="{8267E540-0D01-4CE2-8245-F6086AD3EA9E}"><direct-mapping><src-attribute>middleName</src-attribute></direct-mapping></import-flow></import-flows><import-flows mv-attribute="mobile" type="ranked"><import-flow src-ma="{569A4C72-3BEC-496D-B8E7-31C7DE6F519B}" cd-object-type="user" id="{A5B63807-2528-4F20-874A-C8AB7EDE0D11}"><direct-mapping><src-attribute>mobile</src-attribute></direct-mapping></import-flow></import-flows><import-flows mv-attribute="objectSid" type="ranked"><import-flow src-ma="{569A4C72-3BEC-496D-B8E7-31C7DE6F519B}" cd-object-type="user" id="{E3CE47FD-8973-4F16-B796-6F612A0906E1}"><direct-mapping><src-attribute>objectSid</src-attribute></direct-mapping></import-flow></import-flows><import-flows mv-attribute="sn" type="ranked"><import-flow src-ma="{569A4C72-3BEC-496D-B8E7-31C7DE6F519B}" cd-object-type="user" id="{06F0A0E9-E316-4E45-B539-13ECB3E36A72}"><direct-mapping><src-attribute>sn</src-attribute></direct-mapping></import-flow></import-flows><import-flows mv-attribute="title" type="ranked"><import-flow src-ma="{569A4C72-3BEC-496D-B8E7-31C7DE6F519B}" cd-object-type="user" id="{C6EFC47B-924E-4B0F-B91A-B5D770B77948}"><direct-mapping><src-attribute>title</src-attribute></direct-mapping></import-flow></import-flows></import-flow-set><per-ma-options><ma-options ma-id="{33846891-F169-4164-886C-5F0CD3ADB4C3}"><enable-recall>true</enable-recall></ma-options><ma-options ma-id="{569A4C72-3BEC-496D-B8E7-31C7DE6F519B}"><enable-recall>true</enable-recall></ma-options></per-ma-options></import-attribute-flow>
 <provisioning type='scripted' />
 <mv-deletion><mv-deletion-rule mv-object-type="GalSyncPerson" id="{FBDFE09F-8E04-4BFC-8E58-A250DAE4A81F}" type="declared-any"><src-ma>{33846891-F169-4164-886C-5F0CD3ADB4C3}</src-ma></mv-deletion-rule><mv-deletion-rule mv-object-type="person" id="{B64F2756-FCA3-451E-B7B4-2460DF84DDD8}" type="declared-any"><src-ma>{569A4C72-3BEC-496D-B8E7-31C7DE6F519B}</src-ma></mv-deletion-rule></mv-deletion>
 <extension><assembly-name>MVExtension.dll</assembly-name><application-protection>low</application-protection></extension>
 <password-change-history-size>24</password-change-history-size>
 <password-sync><password-sync-enabled>0</password-sync-enabled></password-sync>
</mv-data>

</saved-mv-configuration>
